,time HR,HR,time ET,ET,time EH,EH,time ST,ST,time GSR,GSR,time Acc,Acc,time SR,SR,time Risk,Risk
0,1487981170.941567,100.05429188057228,1487981170.026562,39.894061248011056,1487981169.415641,0.8120344809020856,1487981170.634781,100.02824924168763,1487981169.72183,400.0,1487981171.855224,0.5,1487981169.109444,0.5,,
1,,,,,1487981170.330526,0.8811706309174971,1487981172.1618,100.05652985307906,1487981172.46844,400.0,,,1487981171.248245,0.5,,
2,,,,,,,,,,,,,1487981171.553336,0.5,,
